{
  "train_loss": [
    1.6027651912410397,
    0.3650791943935974,
    0.1932927903475139
  ],
  "train_acc": [
    0.5737203193144431,
    0.9138208064474993,
    0.9577392945497207
  ],
  "eval_loss": [
    0.6733470801502962,
    0.420267797757592,
    0.38712259332338966
  ],
  "eval_acc": [
    0.8416468725257323,
    0.8939825811559778,
    0.8992874109263658
  ],
  "train_time_s": [
    25.34906070001307,
    15.730267899984028,
    15.823925100004999
  ],
  "eval_time_s": [
    6.896651699993527,
    4.906631299993023,
    4.637659400003031
  ]
}