{
  "overall_accuracy": 0.8992874109263658,
  "balanced_accuracy": 0.8536063399675633
}