{
  "overall_accuracy": 0.17672209026128266,
  "balanced_accuracy": 0.1227842786824081,
  "per_class_accuracy": {
    "0": 0.03333333333333333,
    "1": 0.2375,
    "2": 0.18266666666666667,
    "3": 0.07777777777777778,
    "4": 0.04393939393939394,
    "5": 0.12698412698412698,
    "6": 0.0,
    "7": 0.12444444444444444,
    "8": 0.09555555555555556,
    "9": 0.06458333333333334,
    "10": 0.5712121212121212,
    "11": 0.06666666666666667,
    "12": 0.5159420289855072,
    "13": 0.08333333333333333,
    "14": 0.4148148148148148,
    "15": 0.009523809523809525,
    "16": 0.12666666666666668,
    "17": 0.21666666666666667,
    "18": 0.06666666666666667,
    "19": 0.0,
    "20": 0.0,
    "21": 0.0,
    "22": 0.0,
    "23": 0.013333333333333334,
    "24": 0.0,
    "25": 0.029166666666666667,
    "26": 0.14444444444444443,
    "27": 0.0,
    "28": 0.0,
    "29": 0.0,
    "30": 0.0,
    "31": 0.04814814814814815,
    "32": 0.0,
    "33": 0.24285714285714285,
    "34": 0.4583333333333333,
    "35": 0.1794871794871795,
    "36": 0.09166666666666666,
    "37": 0.16666666666666666,
    "38": 0.43623188405797103,
    "39": 0.3888888888888889,
    "40": 0.022222222222222223,
    "41": 0.0,
    "42": 0.0
  }
}