{
  "overall_accuracy": 0.23127474267616785,
  "balanced_accuracy": 0.14202866009210802,
  "per_class_accuracy": {
    "0": 0.0,
    "1": 0.48333333333333334,
    "2": 0.208,
    "3": 0.14444444444444443,
    "4": 0.07878787878787878,
    "5": 0.12222222222222222,
    "6": 0.0,
    "7": 0.18444444444444444,
    "8": 0.2088888888888889,
    "9": 0.07083333333333333,
    "10": 0.5545454545454546,
    "11": 0.15476190476190477,
    "12": 0.6260869565217392,
    "13": 0.30416666666666664,
    "14": 0.23703703703703705,
    "15": 0.0,
    "16": 0.18,
    "17": 0.25833333333333336,
    "18": 0.05384615384615385,
    "19": 0.0,
    "20": 0.0,
    "21": 0.0,
    "22": 0.0,
    "23": 0.0,
    "24": 0.0,
    "25": 0.052083333333333336,
    "26": 0.2722222222222222,
    "27": 0.0,
    "28": 0.0,
    "29": 0.0,
    "30": 0.0,
    "31": 0.044444444444444446,
    "32": 0.0,
    "33": 0.18571428571428572,
    "34": 0.03333333333333333,
    "35": 0.3282051282051282,
    "36": 0.13333333333333333,
    "37": 0.15,
    "38": 0.5826086956521739,
    "39": 0.37777777777777777,
    "40": 0.07777777777777778,
    "41": 0.0,
    "42": 0.0
  }
}