{
  "overall_accuracy": 0.4720506730007918,
  "balanced_accuracy": 0.3095476439730737,
  "per_class_accuracy": {
    "0": 0.05,
    "1": 0.7013888888888888,
    "2": 0.7573333333333333,
    "3": 0.3288888888888889,
    "4": 0.3712121212121212,
    "5": 0.6777777777777778,
    "6": 0.16,
    "7": 0.6155555555555555,
    "8": 0.18888888888888888,
    "9": 0.5395833333333333,
    "10": 0.7909090909090909,
    "11": 0.6285714285714286,
    "12": 0.5971014492753624,
    "13": 0.7347222222222223,
    "14": 0.5962962962962963,
    "15": 0.11904761904761904,
    "16": 0.35333333333333333,
    "17": 0.48055555555555557,
    "18": 0.28205128205128205,
    "19": 0.21666666666666667,
    "20": 0.06666666666666667,
    "21": 0.17777777777777778,
    "22": 0.09166666666666666,
    "23": 0.1,
    "24": 0.022222222222222223,
    "25": 0.6458333333333334,
    "26": 0.4222222222222222,
    "27": 0.11666666666666667,
    "28": 0.23333333333333334,
    "29": 0.2,
    "30": 0.09333333333333334,
    "31": 0.6296296296296297,
    "32": 0.0,
    "33": 0.0761904761904762,
    "34": 0.09166666666666666,
    "35": 0.11794871794871795,
    "36": 0.11666666666666667,
    "37": 0.0,
    "38": 0.518840579710145,
    "39": 0.0,
    "40": 0.26666666666666666,
    "41": 0.06666666666666667,
    "42": 0.06666666666666667
  }
}