{
  "train_loss": [
    0.6910704744978267
  ],
  "train_acc": [
    0.7908388380218827
  ],
  "eval_loss": [
    0.6011888453531907
  ],
  "eval_acc": [
    0.8306413301662707
  ],
  "train_time_s": [
    49.599298200017074
  ],
  "eval_time_s": [
    5.793463900015922
  ]
}