{
  "overall_accuracy": 0.8306413301662707,
  "balanced_accuracy": 0.7860297562509392
}