{
  "overall_accuracy": 0.4974663499604117,
  "balanced_accuracy": 0.40649582834871006,
  "per_class_accuracy": {
    "0": 0.21666666666666667,
    "1": 0.6652777777777777,
    "2": 0.7266666666666667,
    "3": 0.41333333333333333,
    "4": 0.36666666666666664,
    "5": 0.6555555555555556,
    "6": 0.22,
    "7": 0.62,
    "8": 0.37333333333333335,
    "9": 0.55625,
    "10": 0.7,
    "11": 0.5976190476190476,
    "12": 0.5826086956521739,
    "13": 0.6597222222222222,
    "14": 0.662962962962963,
    "15": 0.3952380952380952,
    "16": 0.5466666666666666,
    "17": 0.4666666666666667,
    "18": 0.32564102564102565,
    "19": 0.2833333333333333,
    "20": 0.23333333333333334,
    "21": 0.3111111111111111,
    "22": 0.39166666666666666,
    "23": 0.24,
    "24": 0.1,
    "25": 0.5729166666666666,
    "26": 0.35555555555555557,
    "27": 0.26666666666666666,
    "28": 0.5533333333333333,
    "29": 0.2777777777777778,
    "30": 0.17333333333333334,
    "31": 0.6370370370370371,
    "32": 0.36666666666666664,
    "33": 0.29523809523809524,
    "34": 0.35,
    "35": 0.1282051282051282,
    "36": 0.3,
    "37": 0.18333333333333332,
    "38": 0.4144927536231884,
    "39": 0.07777777777777778,
    "40": 0.4666666666666667,
    "41": 0.5166666666666667,
    "42": 0.23333333333333334
  }
}