{
  "train_loss": [
    3.628048750818992,
    3.2921581930043744,
    2.943613591486094
  ],
  "train_acc": [
    0.08775510204081632,
    0.14540816326530612,
    0.21887755102040815
  ],
  "eval_loss": [
    3.519966844522443,
    3.2033002350107425,
    2.8361806948853747
  ],
  "eval_acc": [
    0.08399366085578447,
    0.19809825673534073,
    0.22503961965134706
  ],
  "train_time_s": [
    1.8811316999781411,
    0.7480701000022236,
    0.7247925999981817
  ],
  "eval_time_s": [
    0.3830121000064537,
    0.22005359997274354,
    0.21762489998945966
  ]
}