{
  "overall_accuracy": 0.22503961965134706,
  "balanced_accuracy": 0.11321742463125678
}