{
  "train_loss": [
    1.5355752906035822,
    0.3224076597525157,
    0.16200665606058906,
    0.10075265938334556,
    0.06991316794037208,
    0.048529795565222446,
    0.03636628676104402,
    0.027976233628504255,
    0.01992632063194205,
    0.01726999831762606
  ],
  "train_acc": [
    0.5949399372593027,
    0.9271850850570023,
    0.9655946338850774,
    0.9795200081613915,
    0.9865337039965314,
    0.9908184345430896,
    0.9936239128771456,
    0.9953582085745619,
    0.9969904868780127,
    0.9975515825448239
  ],
  "eval_loss": [
    0.6539228327861403,
    0.41464706044865335,
    0.38772488989154213,
    0.33023462706818435,
    0.3316802151318306,
    0.35435298604334714,
    0.32326627931043633,
    0.33345746410714194,
    0.3230134391539265,
    0.34047073940860784
  ],
  "eval_acc": [
    0.8463182897862233,
    0.8962787015043547,
    0.9025336500395883,
    0.918289786223278,
    0.917735550277118,
    0.9139350752177355,
    0.919477434679335,
    0.9193190815518606,
    0.9232779097387174,
    0.9203483768804434
  ],
  "train_time_s": [
    15.616383900021901,
    16.52333270001691,
    15.864255200023763,
    26.429927300021518,
    28.948489100002917,
    23.91571329999715,
    33.260266299999785,
    21.700580500008073,
    22.621448699996108,
    19.911290899995947
  ],
  "eval_time_s": [
    4.99775629999931,
    4.894027799979085,
    5.680711599998176,
    6.9262871999817435,
    6.322603399981745,
    8.75345349998679,
    8.898748900013743,
    5.390853999997489,
    6.52489910001168,
    9.043395199987572
  ]
}