{
  "overall_accuracy": 0.9203483768804434,
  "balanced_accuracy": 0.8792804723550425
}