{
  "train_loss": [
    1.7505447577667237,
    1.5125906883239746,
    1.371507784805298,
    1.276912883377075,
    1.2127244803237915,
    1.16473633518219,
    1.1170453516006469,
    1.0823175045013427,
    1.048598552570343,
    1.0167229928588868
  ],
  "train_acc": [
    0.37934,
    0.46306,
    0.50994,
    0.54302,
    0.56788,
    0.58576,
    0.60122,
    0.61666,
    0.62786,
    0.6404
  ],
  "eval_loss": [
    1.5948148820877075,
    1.4303781484603881,
    1.3253906450271606,
    1.2763455533981323,
    1.260207250213623,
    1.2212818994522094,
    1.2378744512557984,
    1.2235692068099975,
    1.2145906188964843,
    1.242149082183838
  ],
  "eval_acc": [
    0.4337,
    0.4926,
    0.5251,
    0.5405,
    0.545,
    0.5635,
    0.5588,
    0.5647,
    0.5685,
    0.5672
  ],
  "train_time_s": [
    3.5449353999865707,
    3.196317199995974,
    3.5411666000145487,
    3.5832764000224415,
    3.6705345999798737,
    3.6379723999998532,
    3.5217161999898963,
    3.5237086999986786,
    3.56466360000195,
    3.553063300001668
  ],
  "eval_time_s": [
    0.3946298999944702,
    0.3955368000024464,
    0.39879480001400225,
    0.3954673999978695,
    0.3961299000075087,
    0.40044379999744706,
    0.4004351999901701,
    0.40019079999183305,
    0.38919700001133606,
    0.4469509999908041
  ]
}