{
  "train_loss": [
    1.7505448307037355,
    1.5125924433135987,
    1.3715091257476806,
    1.2769132625198365,
    1.21272362575531,
    1.164736011619568,
    1.1170440239334107,
    1.0823153855514527,
    1.0485968275260926,
    1.0167199663162232,
    0.9888556328964233,
    0.9606267956542969,
    0.9356424230194091,
    0.9171251148605347,
    0.8911713969230652,
    0.8645728514099121,
    0.8452906320381165,
    0.8299133308792114,
    0.8081350333023072,
    0.7902522898292541,
    0.7701525272369385,
    0.7519298125839233,
    0.7379260672187805,
    0.7185198904418946,
    0.70588091588974,
    0.6852161420631409,
    0.6706408127784729,
    0.654615720615387,
    0.6411844577407837,
    0.6277414761352539
  ],
  "train_acc": [
    0.37934,
    0.46304,
    0.50994,
    0.54302,
    0.56788,
    0.58576,
    0.6012,
    0.61666,
    0.62782,
    0.64038,
    0.64768,
    0.6572,
    0.6686,
    0.67434,
    0.68474,
    0.69456,
    0.6992,
    0.70496,
    0.7137,
    0.71872,
    0.72722,
    0.73234,
    0.73782,
    0.74604,
    0.7529,
    0.7566,
    0.76172,
    0.76692,
    0.7719,
    0.77672
  ],
  "eval_loss": [
    1.59481552734375,
    1.4303794801712035,
    1.325391950416565,
    1.2763461433410646,
    1.2602081424713134,
    1.2212802772521973,
    1.2378741840362548,
    1.2235702211380004,
    1.2145917753219604,
    1.2421498529434205,
    1.205793237876892,
    1.2185597547531128,
    1.23394170627594,
    1.209330863380432,
    1.2204125392913818,
    1.2233745435714722,
    1.2444934286117553,
    1.2708474491119386,
    1.26036765499115,
    1.2885067546844482,
    1.2962349214553832,
    1.3019029279708862,
    1.3333892362594604,
    1.3609904306411744,
    1.3483330467224122,
    1.3711329257965088,
    1.4133115802764893,
    1.413131247329712,
    1.4219114358901979,
    1.4521522342681885
  ],
  "eval_acc": [
    0.4337,
    0.4926,
    0.5251,
    0.5405,
    0.545,
    0.5635,
    0.5588,
    0.5647,
    0.5684,
    0.5672,
    0.5819,
    0.5783,
    0.5738,
    0.5777,
    0.5822,
    0.5785,
    0.5757,
    0.5679,
    0.5757,
    0.5688,
    0.5729,
    0.5722,
    0.5709,
    0.5637,
    0.571,
    0.5714,
    0.5589,
    0.569,
    0.5636,
    0.5644
  ],
  "train_time_s": [
    7.837390200002119,
    4.000608100002864,
    6.841362500010291,
    6.587945300008869,
    5.597726200008765,
    4.647895800007973,
    6.036986000020988,
    4.356381100020371,
    5.268499500001781,
    4.586788099986734,
    7.90953289999743,
    6.421010199992452,
    5.0783608999918215,
    4.964351400005398,
    5.257834299991373,
    4.770439400017494,
    4.8167322000081185,
    4.788679200020852,
    7.533824799989816,
    7.518364100018516,
    8.311419600009685,
    8.984677500004182,
    4.9721107999794185,
    7.585515200014925,
    5.908806100022048,
    6.140707799990196,
    6.617824800021481,
    4.380390600010287,
    4.108616099983919,
    4.143076500011375
  ],
  "eval_time_s": [
    0.6252728000108618,
    0.837250699987635,
    1.5195777999761049,
    0.690858100017067,
    1.0895940999907907,
    0.4485291999881156,
    0.47464030000264756,
    0.9282942000136245,
    0.48763469999539666,
    1.1578232999891043,
    1.0091376000200398,
    0.9736855000082869,
    0.47032860000035726,
    0.7085647000058088,
    1.0293870999885257,
    0.42454770000767894,
    0.487283499998739,
    1.0128267999971285,
    0.9411890000046697,
    0.9413304999761749,
    1.6323090000078082,
    1.332018400018569,
    0.4963745000131894,
    1.0004377999866847,
    0.9790035999903921,
    0.9372573999862652,
    1.003373499988811,
    0.4469728000112809,
    0.5503084000083618,
    1.1394843999878503
  ]
}