{
  "train_loss": [
    3.158763123628908,
    1.938445726670624,
    1.2450224933553116
  ],
  "train_acc": [
    0.18148195383241933,
    0.45274837393189643,
    0.6633082514985333
  ],
  "eval_loss": [
    2.4724500537956886,
    1.6252993851168611,
    1.115762654222955
  ],
  "eval_acc": [
    0.3273950910530483,
    0.5391923990498813,
    0.7117973079968329
  ],
  "train_time_s": [
    4.477535499987425,
    2.96030299999984,
    3.4977713999978732
  ],
  "eval_time_s": [
    1.0954780000029132,
    0.8145259999728296,
    0.8004228000063449
  ]
}