{
  "overall_accuracy": 0.7117973079968329,
  "balanced_accuracy": 0.5617377523418804
}