dropout,augment,epochs_cfg,best_test_acc,best_test_acc_epoch,last_test_acc,total_train_s,total_test_s,overall_accuracy,balanced_accuracy
0.5,1,15,0.9348376880443389,15,0.9348376880443389,631.9837717000046,84.83080260001589,0.9348376880443389,0.9040570306467676
0.2,1,15,0.9318289786223278,13,0.9305621536025337,1275.4056182000204,166.83538840003894,0.9305621536025337,0.8973630055859579
0.0,1,15,0.9269992082343627,14,0.9262074425969913,1239.0967325000383,161.04461330000777,0.9262074425969913,0.8921706830132006
0.2,0,15,0.926682501979414,14,0.9221694378463975,641.4981673999864,165.7831039999437,0.9221694378463975,0.8904832404890545
0.5,0,15,0.9286619160728424,9,0.9242280285035629,360.19598460005363,94.12358749998384,0.9242280285035629,0.8848790855158398
0.0,0,15,0.9233570863024545,9,0.9108471892319874,509.2199335999321,147.39929800006212,0.9108471892319874,0.8616784732138624
