dropout,augment,epochs_cfg,best_test_acc,best_test_acc_epoch,last_test_acc,total_train_s,total_test_s,overall_accuracy,balanced_accuracy
0.0,1,90,0.6514,90,0.6514,1433.943635699863,82.75342849979643,0.6514,0.6514
0.2,1,90,0.6602,84,0.6502,1433.7481748998398,82.35074329958297,0.6502,0.6502
0.5,1,90,0.6528,82,0.6409,1423.4604091998772,84.72586700029206,0.6409,0.6409
0.5,0,50,0.5895,18,0.5629,229.76546339970082,28.839302199950907,0.5629,0.5629000000000001
0.2,0,50,0.588,19,0.5624,206.66811680002138,25.478058200213127,0.5624,0.5624
0.0,0,50,0.5823,15,0.5414,173.89103279990377,19.918367099831812,0.5414,0.5414
