dropout,augment,best_test_acc,best_test_acc_epoch,total_train_s,total_test_s
0.5,1,0.9348376880443389,15,631.9837717000046,84.83080260001589
0.2,1,0.9318289786223278,13,1104.1616710999806,144.65127590001794
0.5,0,0.9286619160728424,9,254.70965310002794,64.32951420001336
