{
  "train_loss": [
    1.535574452943142
  ],
  "train_acc": [
    0.5949399372593027
  ],
  "eval_loss": [
    0.6539198964621845
  ],
  "eval_acc": [
    0.8463182897862233
  ],
  "train_time_s": [
    20.7445744999859
  ],
  "eval_time_s": [
    5.174595500022406
  ]
}