{
  "overall_accuracy": 0.8463182897862233,
  "balanced_accuracy": 0.7418369554929211
}