{
  "train_loss": [
    1.5355752233402826,
    0.3224075476739993,
    0.16200636407133026
  ],
  "train_acc": [
    0.5949144329108113,
    0.9271850850570023,
    0.9655946338850774
  ],
  "eval_loss": [
    0.6539229620663967,
    0.41464819977515666,
    0.3877272488432844
  ],
  "eval_acc": [
    0.8463182897862233,
    0.8962787015043547,
    0.9025336500395883
  ],
  "train_time_s": [
    16.084271400002763,
    16.610798199981218,
    31.58314080000855
  ],
  "eval_time_s": [
    4.7445746999874245,
    5.411248599993996,
    4.8781291999912355
  ]
}