{
  "overall_accuracy": 0.9025336500395883,
  "balanced_accuracy": 0.8624254352077909
}